timestamp,ticker,sentiment_score,insights,rationale,news_count,success
2026-01-19T22:42:43.213446,FNILX,8,"Mag 7 rallying, but breadth weak|Sector rotation theme: Tech to Financials rotation|Key macro risk: Interest rates","The Mag 7 (NVDA, AAPL, MSFT, GOOGL, AMZN, META, TSLA) are driving the fund's sentiment, with a strong bullish bias. However, the breadth of the fund is weak, with only 51 out of 50 holdings experiencing newsworthy developments. The sector rotation theme is a shift from Tech to Financials, with a focus on AI and cloud computing. The key macro risk is interest rates, with the potential for a rate hike impacting the fund's performance.",51,True
2026-01-19T22:42:43.227929,FZILX,8,"Mag 7 rallying, but breadth weak|Rotation from Tech to Enterprise|AI demand driving semiconductor stocks","The Mag 7 (NVDA, AAPL, MSFT, GOOGL, AMZN, META, TSLA) stocks drove the sentiment with ASML and SHOP's positive news. However, the broader market breadth is weak, as only 5 out of 50 holdings had newsworthy developments. The rotation from Tech to Enterprise is evident with SAP's news, while AI demand driving semiconductor stocks is a key macro risk/opportunity. Overall, the positive news from the Mag 7 outweighs the weak breadth, resulting in a bullish sentiment score.",5,True
2026-01-21T04:54:23.885706,FNILX,6,"Sentiment is driven by the largest holdings (Top Weights)|No dominant sector rotation theme, but a mix of Tech and Financials news|Macro context: Interest rates and earnings season are relevant, but no clear direction","The fund's sentiment is neutral, with a mix of positive and negative news across the holdings. The largest holdings, such as NVDA, AAPL, and MSFT, drive the sentiment, with a focus on Tech and AI-related news. However, there is no clear sector rotation theme, and the macro context is uncertain, with interest rates and earnings season being relevant but not providing a clear direction. Overall, the fund's sentiment is balanced, with no clear upside or downside catalysts.",42,True
2026-01-21T04:54:23.891518,FZILX,4,"Sentiment is driven by the largest holdings (Top Weights) due to the market-cap weighted strategy|No clear sector rotation theme, but Shopify's (SHOP) recent weakness in the Other/Unknown sector may be a concern|Macro context: Neutral, with no significant macro themes or industrial trends impacting the holdings","Given the sparse news coverage, sentiment analysis is based on a single sector (Other/Unknown) and a single stock (SHOP). The recent weakness in SHOP's share price and earnings multiple may be a concern for the fund. However, the lack of significant news across other holdings and sectors limits the scope of this analysis. As a result, the sentiment score is neutral, reflecting the mixed signals from SHOP's recent performance.",2,True
2026-01-22T22:16:10.452451,FNILX,8,"Bullish sentiment driven by top weights, particularly in the tech sector|Sector rotation from defensive to growth sectors, with a focus on tech and consumer discretionary|Macro context: interest rates remain low, supporting growth stocks and consumer spending","The fund's top weights, including NVDA, AAPL, and MSFT, are driving the overall bullish sentiment. These stocks have seen significant price target increases and analyst upgrades, indicating strong growth potential. The sector rotation from defensive to growth sectors is also a key theme, with a focus on tech and consumer discretionary stocks. Macro context-wise, low interest rates are supporting growth stocks and consumer spending, which is benefiting the fund's holdings. Overall, the sentiment is driven by the top weights, and the fund is positioned for growth and sector rotation.",46,True
2026-01-22T22:16:10.459397,FZILX,4,"Sentiment is driven by the largest holdings, with limited breadth across the mid-sized and smaller holdings|No dominant sector rotation theme, but a mixed sector landscape|Neutral macro context, with no significant industrial trends, interest rate changes, or policy shifts impacting the holdings","Given the limited newsworthy developments, the sentiment analysis is based on the SHOP article. The article presents a neutral assessment of SHOP's valuation, with no clear indication of a significant sector rotation or macro risk/opportunity. However, the weight concentration is top-heavy, with the largest holdings driving the sentiment. As a result, the overall sentiment score is neutral (4).",1,True
2026-01-23T22:13:04.589308,FNILX,8,"Sentiment is driven by the largest holdings, with top weights NVDA, AAPL, and MSFT contributing significantly to the overall positive sentiment.|There is a clear sector rotation theme, with Tech and AI stocks leading the charge, while Financials/Banking and Healthcare sectors show mixed signals.|Macro context suggests a risk-on environment, with investors optimistic about earnings season and economic growth, despite some concerns about interest rates and inflation.","The fund's top weights, NVDA, AAPL, and MSFT, have all seen significant positive news flow, with NVDA's investment in Baseten and AAPL's new chatbot development contributing to the overall bullish sentiment. The Tech and AI sector is leading the charge, with many stocks seeing upgrades and positive news. Financials/Banking and Healthcare sectors show mixed signals, with some stocks seeing positive news and others facing challenges. Macro context suggests a risk-on environment, with investors optimistic about earnings season and economic growth, despite some concerns about interest rates and inflation.",44,True
2026-01-24T22:13:50.882580,FNILX,8,"Sentiment is driven by the largest holdings (Top Weights) with a broad-based market breadth across mid-sized and smaller holdings.|A sector rotation theme from 'Tech' to 'Financials' and 'Healthcare' is emerging, with 'Tech' stocks showing mixed signals.|Key macro risk: Interest rates and potential regulatory changes in the tech sector.","The fund's largest holdings, such as NVDA, AAPL, MSFT, and GOOGL, are driving the overall sentiment with a mix of positive and negative news. However, the broader market breadth across mid-sized and smaller holdings, like PLTR, ABBV, and COST, is also contributing to the overall sentiment. The sector rotation theme from 'Tech' to 'Financials' and 'Healthcare' is emerging, with 'Tech' stocks showing mixed signals. The key macro risk is interest rates and potential regulatory changes in the tech sector, which could impact the fund's performance.",41,True
2026-01-24T22:13:50.890381,FZILX,4,"Neutral sentiment driven by mixed signals from Shopify's recent pullback and soaring P/E ratio, with no significant news from other holdings|No clear sector rotation theme, but Shopify's news may indicate a shift in investor sentiment towards growth stocks|Macro context: Neutral, with no significant changes in interest rates, policy, or earnings season affecting the fund's holdings","The fund's sentiment is neutral due to the mixed signals from Shopify's recent news, which may indicate a shift in investor sentiment towards growth stocks. However, the lack of significant news from other holdings suggests that the sentiment is not driven by broader market breadth. The top weights in the fund are likely driving the sentiment, but the overall impact is neutral. The macro context remains neutral, with no significant changes in interest rates, policy, or earnings season affecting the fund's holdings.",1,True
2026-01-25T22:14:08.980371,FNILX,8,"Sentiment is driven by the largest holdings (Top Weights) with a 'Tech to Financials rotation' theme|Key macro risk: Interest rates and earnings season|Upside catalysts: Positive AI and cloud innovation news for Alphabet, Microsoft, and Nvidia","The fund's sentiment is driven by the largest holdings, with a 'Tech to Financials rotation' theme emerging. The largest weights, including Nvidia, Alphabet, and Microsoft, have seen positive news on AI and cloud innovation, driving the overall sentiment score to 8. However, interest rates and earnings season remain key macro risks to monitor. The broader market breadth across mid-sized and smaller holdings in the sample is relatively neutral, with some negative news on consumer staples and industrials. Overall, the sentiment is bullish, but with a focus on the top weights and sector rotation.",47,True
2026-01-25T22:14:08.988093,FZILX,6,"Neutral sentiment driven by mixed signals from top weights and mid-sized holdings|No clear sector rotation theme; Shopify's news is an outlier in an otherwise quiet sector|Macro context: Interest rates and earnings season are neutral, with no significant impact on holdings","The fund's sentiment is neutral due to mixed signals from the top weights and mid-sized holdings. The news article on Shopify (SHOP) is an outlier in an otherwise quiet sector, with no clear sector rotation theme. Macro context is neutral, with interest rates and earnings season having no significant impact on holdings. The lack of significant news across the remaining 22 holdings contributes to the neutral sentiment.",1,True
2026-01-26T22:15:46.544917,FNILX,8,"Bullish sentiment driven by top weights (NVDA, AAPL, MSFT, AMZN) with broad market breadth across mid-sized and smaller holdings|Sector rotation from Tech to Financials, with AI and cloud computing driving growth in Tech|Macro context: Earnings season and interest rates remain key risks, but overall economic growth supports the fund's holdings","The fund's top weights (NVDA, AAPL, MSFT, AMZN) drove the bullish sentiment, with AI and cloud computing driving growth in Tech. However, the sector rotation from Tech to Financials suggests a shift in investor appetite. The macro context remains uncertain, with earnings season and interest rates posing risks, but overall economic growth supports the fund's holdings. The broad market breadth across mid-sized and smaller holdings adds to the conviction in the fund's sentiment.",47,True
2026-01-26T22:15:46.552336,FZILX,7,"Bullish sentiment driven by top weights, particularly SHOP, with mixed signals from other holdings|Tech sector rotation, driven by SHOP's AI push and e-commerce momentum|No significant macro risks or opportunities identified","The fund's sentiment is driven by the largest holding, SHOP, which had two news articles with mixed signals. The first article highlighted the stock's recent slide due to its pricey valuation, while the second article emphasized the company's 38% revenue surge in Merchant Solutions, driven by AI tools and global expansion. This suggests a bullish sentiment for SHOP, which dominates the fund's weight. The remaining holdings had no significant news, indicating a lack of breadth in the sentiment analysis. The Tech sector rotation theme is driven by SHOP's AI push and e-commerce momentum, which is a key driver of the fund's sentiment.",2,True
2026-01-27T22:16:30.994293,FNILX,7,"Sentiment is driven by the largest holdings (Top Weights) with a strong focus on Tech/AI and Healthcare sectors.|Sector rotation theme: Tech/AI to Healthcare rotation, driven by AI-related news and partnerships.|Key macro risk: Interest rates and inflation concerns, but earnings season and strong corporate fundamentals provide a supportive backdrop.","The fund's top holdings, including NVDA, MSFT, AMZN, and GOOGL, drove the overall sentiment, with a strong focus on Tech/AI and Healthcare sectors. The sector rotation theme is evident, with Tech/AI stocks experiencing a rotation to Healthcare, driven by AI-related news and partnerships. While interest rates and inflation concerns are present, the earnings season and strong corporate fundamentals provide a supportive backdrop for the fund. The breadth of sentiment is concentrated among the top holdings, with mid-sized and smaller holdings experiencing less significant price movements. Overall, the sentiment is bullish, driven by the dominant Tech/AI and Healthcare sectors and the supportive macro environment.",45,True
2026-01-27T22:16:31.001847,FZILX,6,Sentiment is driven by market breadth across mid-sized holdings|No dominant sector rotation theme|Neutral macro context with no significant risk or opportunity,"The fund's sentiment is neutral with a balanced mix of news across the 23 holdings. The largest holdings did not experience significant news, and the sector rotation is not evident. The news articles related to SHOP are not sector-specific and do not indicate a dominant theme. The macro context remains neutral with no significant risk or opportunity impacting the fund's holdings.",2,True
